case,mode,time,A_inj,A_ctrl,SNR
m2,2,0.002500000000001279,0.046376033171855624,0.0034213737990615215,13.554798714065242
m2,2,0.2049999999999983,0.0069253980025926,0.003414967748659358,2.027954145485374
m2,2,0.3999999999999986,0.03152177019026224,0.0034112639419503045,9.240495818168927
m2,2,0.6024999999999991,0.008038470225456045,0.0034323264632048936,2.3419888264213133
m2,2,0.8049999999999997,0.010847214946682192,0.0034890629649778444,3.1089192300520927
m2,2,1.0,0.02065115566946329,0.003108721654619754,6.642973531829197
m2,2,1.2025000000000006,0.013986711595831267,0.003090556350804502,4.525629048048384
m2,2,1.4050000000000011,0.00878782297353203,0.0030888090685674474,2.845052179805894
m2,2,1.6000000000000014,0.01300894412420537,0.003076654217145963,4.228276304729826
m2,2,1.8024999999999984,0.0010548734991979569,0.0030580821667349906,0.344946094213096
m2,2,2.004999999999999,0.001444419117176886,0.003051740072436547,0.47331000769788495
m2,2,2.1999999999999993,0.014239598247375454,0.0031015990677394586,4.5910505956379835
m2,2,2.4025,0.0037685468808995935,0.003055877390922785,1.2332127238133739
m2,2,2.6050000000000004,0.005103319345686208,0.003039165255951417,1.6791845509857288
m2,2,2.8000000000000007,0.003303994430137554,0.003022001040837612,1.0933134653129641
m2,2,3.0025000000000013,0.0037183250016389773,0.003006311036677959,1.2368397535298974
m2,2,3.2049999999999983,0.0011019726093681075,0.0029943393774299817,0.3680186079354579
m2,2,3.3999999999999986,0.0057495618406166425,0.0030123214824992065,1.9086813522461268
m2,2,3.602499999999999,0.007254773555069277,0.002997331356559092,2.420410922934356
m2,2,3.8049999999999997,0.0013782301767322606,0.0030036519893631404,0.4588514853295253
m2,2,4.0,0.001665881691607355,0.0030013467217882353,0.5550447335903945
m2,2,4.202500000000001,0.003987488394276771,0.0029905021336962424,1.3333842331515944
m2,2,4.405000000000001,0.001285064323815736,0.002978105335902693,0.4315039862168678
m2,2,4.600000000000001,0.001875220471757966,0.0029672537732721993,0.6319717203325109
m2,2,4.802499999999998,0.005156189596448883,0.002954126139118405,1.7454195771029724
m2,2,5.004999999999999,0.003624719723306693,0.0029540032225717607,1.2270534086117229
m2,2,5.199999999999999,0.00209874348224288,0.002938168017789343,0.7143034263309284
m2,2,5.4025,0.003523445105227708,0.002931264336705866,1.2020223018123743
m2,2,5.605,0.002893147067994733,0.00294534938413659,0.9822763586476313
m2,2,5.800000000000001,0.0017392503384401961,0.0029289334374523793,0.5938169560975126
m2,2,6.002500000000001,0.003017416618665533,0.0028991760582714817,1.040784194549588
m2,2,6.204999999999998,0.003543533967687271,0.002884877225002266,1.2283136131328736
m2,2,6.399999999999999,0.002674964584062868,0.0028743945320096405,0.9306184499984627
m2,2,6.602499999999999,0.0029823266656190616,0.002870338687433094,1.0390155972451172
m2,2,6.805,0.003356937979122127,0.0028650350691783316,1.171691758762614
m2,2,7.0,0.002533875901293254,0.00285464615116875,0.8876322202861584
m2,2,7.202500000000001,0.002440695494842458,0.0028437382506965236,0.8582700936855396
m2,2,7.405000000000001,0.0029957666780356866,0.0028360007964535554,1.056334921267272
m2,2,7.600000000000001,0.0028557905818745893,0.0028283600797358146,1.0096983769270766
m2,2,7.802499999999998,0.0026996186847436654,0.0028206286396338038,0.9570982322203717
m2,2,8.004999999999999,0.0030652466712530607,0.002809504598693811,1.0910274618088003
m2,2,8.2,0.0029684816269799803,0.002807188480675895,1.0574571844442915
m2,2,8.4025,0.0026072903049735863,0.0027941564800343954,0.933122508923155
m2,2,8.605,0.002736397135255128,0.0027792677859787176,0.9845748398409574
m2,2,8.8,0.002343595931233468,0.002293083056969594,1.0220283666177485
m2,2,9.002500000000001,0.0021491651137075735,0.0022764815072811163,0.9440731702997222
m2,2,9.204999999999998,0.0025100613810242886,0.00252647115135196,0.9935048653459233
m2,2,9.399999999999999,0.0026849476344777716,0.0025158369465489386,1.0672184611013078
m2,2,9.6025,0.0025162479354757165,0.0024977056091785876,1.00742374370662
m2,2,9.805,0.002456978614839257,0.0025008597517257483,0.9824535794715356
m2,2,10.0,0.002528829768825673,0.0024929438647767884,1.0143949908202596
m2,2,10.2025,0.0024435856886190002,0.002480914303781986,0.9849536861849356
m2,2,10.405000000000001,0.0023770098689994096,0.00246896444537594,0.9627558118348971
m2,2,10.600000000000001,0.0024971230991940835,0.0024656666164766523,1.0127578004695466
m2,2,10.802499999999998,0.0025168650241509695,0.002454033984692434,1.0256031659913667
m2,2,11.004999999999999,0.0024495233788124487,0.0024580317497532285,0.9965385431080644
m2,2,11.2,0.0024579708548986487,0.0024471444910666596,1.004424080339968
m2,2,11.4025,0.0024648717361135256,0.0024359641226902404,1.0118670111575208
m2,2,11.605,0.0024057166126901434,0.0024536711574144757,0.9804560017835219
m2,2,11.8,0.002403898823105639,0.0024433957270450645,0.9838352406438923
m2,2,12.002499999999998,0.0024725422663900245,0.0024396202322510153,1.0134947372971377
m2,2,12.204999999999998,0.002473772674856694,0.0024666105537964936,1.0029036286450557
m2,2,12.399999999999999,0.002444320980230821,0.002456629991020248,0.9949894730446096
m2,2,12.6025,0.002470466608515834,0.0024357990604733514,1.0142325155654446
m2,2,12.805,0.0024348728344361793,0.0024279743453410126,1.0028412528774877
m2,2,13.0,0.0023272711787952617,0.0023648618228761004,0.9841045071990203
m2,2,13.2025,0.00234653899869463,0.0023443715072399107,1.0009245511848381
m2,2,13.405000000000001,0.0023421565548543376,0.0023329369707356263,1.003951921648275
m2,2,13.600000000000001,0.0023099923934769362,0.0023241557809593506,0.9939060076788105
m2,2,13.802500000000002,0.002317006743107457,0.002313480294781856,1.0015243044574682
m2,2,14.005000000000003,0.002324055334965568,0.002303920860665244,1.008739221317919
m2,2,14.200000000000003,0.0022828186074348735,0.002294812100636025,0.9947736491376233
m2,2,14.402500000000003,0.002279314545041621,0.0022854547059743225,0.9973133744822635
m2,2,14.604999999999997,0.0022656539676248117,0.0022592737104672653,1.0028240301863323
m2,2,14.799999999999997,0.0022434511083457257,0.0022504420430656453,0.9968935282108415
m2,2,15.002499999999998,0.0019652426051715082,0.001967684992354757,0.9987587509216473
m2,2,15.204999999999998,0.0019735467453905393,0.001962890651592187,1.00542877607049
m2,2,15.399999999999999,0.0019559002415364844,0.001954190341699716,1.0008749914480086
m2,2,15.6025,0.00195093373228148,0.0019542268561306094,0.9983148712551981
m2,2,15.805,0.0019535889777100982,0.0019502287580243757,1.0017229874556492
m2,2,16.0,0.0019533099759937197,0.0019536002576021603,0.9998514119726842
m2,2,16.2025,0.001940640496257644,0.0019450371773206275,0.9977395388045794
m2,2,16.405,0.0019241827878396336,0.0019224141856263148,1.0009199902011452
m2,2,16.6,0.001878923148498974,0.0018752453579614678,1.0019612316446442
m2,2,16.802500000000002,0.0018663126262611735,0.0018669814693848376,0.9996417516003068
m2,2,17.005000000000003,0.001856389626393229,0.0018556359828615168,1.00040613759308
m2,2,17.200000000000003,0.0018411134786657669,0.001838705542967414,1.0013095820086924
m2,2,17.402500000000003,0.0018385387869167683,0.001839723451539671,0.9993560637486513
m2,2,17.604999999999997,0.0018304481108284679,0.0018317363734372423,0.9992966986803035
m2,2,17.799999999999997,0.0022968859875422414,0.0022947750485583333,1.0009198892872895
m2,2,18.002499999999998,0.0022858766549162693,0.002285321095892361,1.000243098890964
m2,2,18.205,0.002289714508260437,0.002290245362242163,0.9997682108692467
m2,2,18.4,0.0022488713269537067,0.0022469277210160803,1.0008650059899333
m2,2,18.6025,0.0022391309443256166,0.002237973420490906,1.0005172196524375
m2,2,18.805,0.0022283312714153724,0.002229123776463035,0.9996444768765061
m2,2,19.0,0.0022405325983606956,0.0022398414795082615,1.0003085570379677
m2,2,19.2025,0.0022321864173379044,0.00223119408684634,1.0004447531021234
m2,2,19.405,0.002218866049210192,0.00221933910177642,0.9997868498032366
m2,2,19.6,0.002236447106679771,0.0022358510253667465,1.00026660153394
m2,2,19.802500000000002,0.002228757120675836,0.002227432473535418,1.0005946968791002
m2,2,20.005000000000003,0.0022275347331014495,0.002227328886398738,1.000092418638293
m2,2,20.200000000000003,0.0021822306195273173,0.0021819025691766553,1.000150350595529
m2,2,20.402500000000003,0.002174540748469058,0.002173670598643559,1.0004003135645492
m2,2,20.604999999999997,0.002165713221251503,0.0021655350433626977,1.0000822789219466
m2,2,20.799999999999997,0.0021578742324921923,0.002157790097736761,1.0000389911676393
m2,2,21.002499999999998,0.00212779500910646,0.002127053324813769,1.000348690972642
m2,2,21.205,0.002124523030029073,0.002123974728123881,1.0002581489779196
m2,2,21.4,0.0021169082347748387,0.002116597638944352,1.0001467429731434
m2,2,21.6025,0.002109681158137019,0.0021090242278712463,1.0003114854049997
m2,2,21.805,0.0021243764544520527,0.002123818612330776,1.00026265996448
m2,2,22.0,0.0021191911688799945,0.0021190132557369463,1.0000839603728606
m2,2,22.2025,0.0021367921629189247,0.002136422359973342,1.0001730944931633
m2,2,22.405,0.002133362229858392,0.002132842246069437,1.000243798522799
m2,2,22.6,0.0021320373139414868,0.002131680976066638,1.0001671628535647
m2,2,22.802500000000002,0.0021249965749258657,0.0021245473062690215,1.0002114655934082
m2,2,23.005000000000003,0.0020030825326758524,0.002002505091256552,1.0002883595261862
m2,2,23.200000000000003,0.0019963140911352967,0.0019959486238334016,1.0001831045636802
m2,2,23.402500000000003,0.001989507460377237,0.0019892187442745205,1.0001451404495094
m2,2,23.604999999999997,0.001975575731407899,0.001975158701607969,1.000211137363084
m2,2,23.799999999999997,0.0019691979716459033,0.0019688289519535595,1.00018743105742
m2,2,24.002499999999998,0.0018937783699616215,0.0018934417203921297,1.0001777976928818
m2,2,24.205,0.001887327861218384,0.0018868699010236188,1.00024270894062
m2,2,24.4,0.0018810553369875361,0.0018806143436045615,1.0002344943206853
m2,2,24.6025,0.0018460349943110197,0.0018457021070616344,1.0001803580589261
m2,2,24.805,0.0018398167420132442,0.0018496271317341338,0.994696017617512
m2,2,25.0,0.001839553261163283,0.0018391841426091656,1.0002006968990031
m2,2,25.2025,0.0018422495569031094,0.0018419385056582258,1.0001688716772728
m2,2,25.405,0.0018362740489756668,0.0018359303489822434,1.000187207534106
m2,2,25.6,0.0018306071642252902,0.0018302113495770919,1.0002162671804486
m2,2,25.802500000000002,0.0016528359450741345,0.0016524960266956394,1.0002056999672033
m2,2,26.005000000000003,0.0016368793128852535,0.001636555470757446,1.000197880324617
m2,2,26.200000000000003,0.0016315024558064516,0.0016311584291804266,1.0002109093879972
m2,2,26.402500000000003,0.0016259349249442942,0.0016256197889938076,1.000193855877383
m2,2,26.604999999999997,0.0016205298584834348,0.0016202339478573993,1.0001826345056075
m2,2,26.799999999999997,0.0016153295319680941,0.0016149997536440903,1.0002041971357951
m2,2,27.002499999999998,0.0016180462819105966,0.0016177163316090524,1.00020396054308
m2,2,27.205,0.0016158917415809253,0.001615583980153867,1.000190495468412
m2,2,27.4,0.0016108063106202429,0.0016104865949242424,1.0001985211780142
m2,2,27.6025,0.001605570825940709,0.0016052556474426864,1.0001963416222985
m2,2,27.805,0.0015915857595091268,0.0015912971039664535,1.0001813963853474
m2,2,28.0,0.0016753498537798582,0.001675048184987784,1.0001800955905495
m2,2,28.2025,0.001670202430380362,0.0016698934170506215,1.0001850497322675
m2,2,28.405,0.001646755720785143,0.0016464642195754226,1.000177046792912
m2,2,28.6,0.0016419745853093477,0.0016416825656613441,1.0001778782659398
m2,2,28.802500000000002,0.0016370720597526812,0.0016367759475161608,1.0001809118938787
m2,2,29.005000000000003,0.00165654327613504,0.0016562607378969576,1.0001705880189138
m2,2,29.200000000000003,0.0016519498166104026,0.0016516746047834261,1.000166625935992
m2,2,29.402500000000003,0.0016472461313362698,0.0016469685356761063,1.0001685494617234
m2,2,29.604999999999997,0.001642591923620823,0.0016423195568602287,1.000165842731067
m2,2,29.799999999999997,0.0016381632446728132,0.001637895977313186,1.0001631772489397
m2,2,30.002499999999998,0.0016275194864901043,0.0016272514663563378,1.0001647072620967
m2,2,30.205,0.001623050750192165,0.0016227853976945236,1.0001635166905114
m2,2,30.4,0.0016187940593037678,0.0016185361325266093,1.0001593580594064
m2,2,30.6025,0.001622808979718789,0.0016225547446096229,1.0001566881549055
m2,2,30.805,0.0016185287674319352,0.0016182763183197908,1.0001559987681254
m2,2,31.0,0.001657875159436179,0.0016576207720616172,1.0001534653636401
m2,2,31.2025,0.0016383751577219298,0.0016381249381174656,1.0001527475704948
m2,2,31.405,0.001634151662710413,0.0016339020680230555,1.000152759882151
m2,2,31.6,0.0016301290973878854,0.0016298838715689832,1.0001504560068235
m2,2,31.802500000000002,0.0016260026723553843,0.0016257607996845295,1.0001487750663578
m2,2,32.005,0.0016219282808768729,0.0016216876765509723,1.0001483666240916
m2,2,32.2,0.0016176374598478986,0.0016174034171748412,1.0001447027195394
m2,2,32.4025,0.001613691987068924,0.0016134615043210969,1.0001428498586484
m2,2,32.605,0.001613082041018588,0.0016128540618605598,1.0001413513866007
m2,2,32.8,0.001609391961611801,0.001609166989011693,1.0001398068700416
m2,2,33.0025,0.0016202940608954295,0.0016151666610124827,1.0031745330105641
m2,2,33.205,0.0016116628702638786,0.0016114436071137047,1.0001360662881442
m2,2,33.4,0.001608117862544548,0.001607901376369654,1.0001346389636052
m2,2,33.6025,0.00290883572188762,0.002909066862877031,0.9999205446281207
m2,2,33.805,0.002912731196471247,0.0029129600575920427,0.9999214334847472
m2,2,34.0,0.002916441727343222,0.0029166680290018026,0.9999224108961561
m2,2,34.2025,0.0029202529788493223,0.0029204765912659797,0.9999234329022441
m2,2,34.405,0.002924021236795329,0.0029242425949804014,0.9999243023867267
m2,2,34.6,0.0029276104988031756,0.0029278295977104313,0.9999251667831259
m2,2,34.8025,0.002931297249159571,0.0029315136838054413,0.9999261696620875
m2,2,35.005,0.0029349425710288425,0.0029351567805143523,0.9999270194059371
m2,2,35.2,0.002938414701926201,0.0029386264412269137,0.9999279461663646
m2,2,35.4025,0.0029419807560844766,0.002942190160247808,0.9999288271145215
m2,2,35.605,0.002939451579962095,0.0029396553932919765,0.9999306676114668
m2,2,35.8,0.0029427583600043763,0.00294296010455905,0.999931448423524
m2,2,36.0025,0.0029461548380051938,0.0029463543835262,0.9999322737542633
m2,2,36.205,0.0029495133136728017,0.0029497106323109657,0.9999331057643409
m2,2,36.4,0.002952711976801307,0.0029529070696383457,0.9999339319414944
m2,2,36.6025,0.0029559970600372782,0.0029561900141101016,0.9999347287989262
m2,2,36.805,0.002962026543945052,0.002962216246660371,0.999935959194224
m2,2,37.0,0.002965103079999201,0.002965290711623867,0.9999367240372318
m2,2,37.2025,0.002968262705145972,0.002968448375781147,0.9999374519574975
m2,2,37.405,0.002971387280369249,0.002971570736542863,0.9999382628953241
m2,2,37.6,0.002974362719734794,0.0029745442561552385,0.9999389700052137
m2,2,37.8025,0.002977418733010936,0.0029775981966152013,0.9999397287369165
m2,2,38.005,0.0029804405428110643,0.0029806179692949313,0.9999404732556487
m2,2,38.2,0.0029833183598018728,0.002983493917095742,0.9999411571470405
m2,2,38.4025,0.0029862739282753878,0.002986447479067603,0.9999418872109984
m2,2,38.605,0.0029891962821978263,0.002989367948994645,0.9999425742164404
m2,2,38.8,0.002991979585428207,0.002992149330727065,0.9999432697769743
m2,2,39.0025,0.003001698003691146,0.003001866293901388,0.9999439381392222
m2,2,39.205,0.003004528961059397,0.0030046952497532857,0.9999446570516918
m2,2,39.4,0.007008621410286227,0.007008760295791991,0.9999801840125925
m2,2,39.6025,0.0070113963352820795,0.007011533843969806,0.999980388215933
m2,2,39.805,0.0070137105721252,0.007013846606339532,0.9999806049059856
m2,2,40.0,0.007015914476820618,0.007016048834497728,0.9999808499512647
m2,2,40.2025,0.0070147543952409665,0.007014887971334413,0.9999809582000465
m2,2,40.405,0.007013439917174433,0.007013570982069492,0.9999813126729032
m2,2,40.6,0.007015564888698893,0.007015694476419346,0.9999815288820104
m2,2,40.8025,0.0070263032956558585,0.0070264323682266245,0.9999816304257977
m2,2,41.005,0.007028474743166374,0.007028602342524947,0.9999818456995637
m2,2,41.2,0.007030542660535101,0.007030668746870466,0.9999820662386604
m2,2,41.4025,0.007032666095536495,0.007032790739251904,0.9999822767774514
m2,2,41.605,0.007034765417102635,0.007034888616716835,0.9999824873397558
m2,2,41.8,0.007036764429136766,0.007036886431177306,0.9999826624968681
m2,2,42.0025,0.007038817334437125,0.0070389379258010655,0.9999828679603071
m2,2,42.205,0.007040846882083958,0.007040966073819014,0.9999830716788283
m2,2,42.4,0.007042779520224655,0.0070428973405383235,0.9999832710448595
m2,2,42.6025,0.0070411071527084505,0.00704122335454453,0.9999834969251465
m2,2,42.805,0.007043064246867678,0.0070431791576783115,0.9999836848093651
m2,2,43.0,0.007044927787665121,0.007045041497518234,0.9999838595907272
m2,2,43.2025,0.007042215239280293,0.007042328193113436,0.9999839607257648
m2,2,43.405,0.0070441191741128515,0.007044230992885247,0.9999841261917009
m2,2,43.6,0.007045932097871001,0.007046042720697178,0.999984300006321
m2,2,43.8025,0.007047793917324908,0.007047903201784728,0.999984494046429
m2,2,44.004999999999995,0.007049634561782118,0.0070497425833013164,0.9999846772392152
m2,2,44.2,0.007051387135755442,0.007051494038942213,0.999984839640198
m2,2,44.4025,0.0070531867365435045,0.007053292481748241,0.9999850076818719
m2,2,44.605000000000004,0.007054966156349239,0.00705507057622307,0.9999851993154848
m2,2,44.8,0.00701897923223868,0.007019084348411545,0.9999850242328419
m2,2,45.0025,0.007020749113365678,0.007020853070934028,0.999985193028924
m2,2,45.205,0.00702249898668455,0.007022601726132055,0.9999853701731194
m2,2,45.400000000000006,0.007024165227979501,0.007024266830552488,0.9999855354906871
m2,2,45.602500000000006,0.0070258761819442265,0.007025976619249801,0.999985704861969
m2,2,45.80500000000001,0.007027567592689394,0.0070276669706045135,0.9999858590460341
m2,2,46.0,0.007029178136268679,0.007029276441482211,0.9999860148886802
m2,2,46.2025,0.007030832022610642,0.007030929184060506,0.9999861808521576
m2,2,46.405,0.007028316334061601,0.007028412614457523,0.9999863012601559
m2,2,46.599999999999994,0.007029876588597772,0.007029971790961309,0.9999864576464362
m2,2,46.802499999999995,0.007031478823188659,0.007031572856520472,0.9999866269846402
m2,2,47.004999999999995,0.007061267871250716,0.007061362199789704,0.9999866415945934
m2,2,47.2,0.0070627982946138475,0.007062891673043136,0.9999867790087105
m2,2,47.4025,0.007064369730331039,0.007064462092429639,0.9999869258129789
m2,2,47.605000000000004,0.007065923370548036,0.007066014568818117,0.9999870933934266
m2,2,47.8,0.004854242373216926,0.00485434024809232,0.9999798376565318
m2,2,48.0025,0.004853099920266663,0.004853197285214621,0.9999799379785662
m2,2,48.205,0.004854739829995497,0.004854836202167163,0.9999801492434239
m2,2,48.400000000000006,0.004868234609129938,0.0048683290320375,0.9999806046577913
m2,2,48.602500000000006,0.004869825248040697,0.00486991850609508,0.9999808501817297
m2,2,48.80500000000001,0.0048713975842238095,0.004871489993628044,0.9999810305667557
m2,2,49.0,0.004872894882722939,0.004872986377321651,0.9999812241217957
m2,2,49.2025,0.004874432406444893,0.004874522693356001,0.9999814777944862
m2,2,49.405,0.004875952459360365,0.004876041714156196,0.9999816952353848
m2,2,49.599999999999994,0.00487739972471114,0.004877488199214091,0.9999818606423354
m2,2,49.802499999999995,0.004878885836246104,0.004878973196202639,0.9999820946020767
m2,2,50.0,0.004880319132334963,0.0048804053663979805,0.9999823305531931
m3,3,0.002500000000001279,0.05239789280367459,0.006579796597318792,7.963451761567562
m3,3,0.2049999999999983,0.005633112283229401,0.006593694192852652,0.8543180982423343
m3,3,0.3999999999999986,0.02545603037885074,0.006595201581231417,3.8597804881799744
m3,3,0.6024999999999991,0.015337589406164694,0.006662313819957754,2.3021415413094353
m3,3,0.8049999999999997,0.0075553039282630794,0.0066102242383159395,1.1429724099931464
m3,3,1.0,0.01613460923403002,0.006896307563968378,2.339601168359956
m3,3,1.2025000000000006,0.020631165537460326,0.006919226245183238,2.9817157014951694
m3,3,1.4050000000000011,0.016584044410088004,0.0069405980361888185,2.389425856909953
m3,3,1.6000000000000014,0.009519912505800088,0.006957576039383314,1.3682800521205496
m3,3,1.8024999999999984,0.007913114640658444,0.006981008893267713,1.133520206268413
m3,3,2.004999999999999,0.008105483325461202,0.006997121391417363,1.1584025590013844
m3,3,2.1999999999999993,0.010512290038030031,0.0069536216910676815,1.5117719233322198
m3,3,2.4025,0.006621050819564622,0.0070080558421547565,0.944777120601376
m3,3,2.6050000000000004,0.012863038048362675,0.007009172153998493,1.8351722237304091
m3,3,2.8000000000000007,0.0071842777778462945,0.007011006556620741,1.0247141718990302
m3,3,3.0025000000000013,0.006698218989182031,0.007025111742298086,0.953467963911828
m3,3,3.2049999999999983,0.009223738655914084,0.007034678227088304,1.311181316068787
m3,3,3.3999999999999986,0.006514050365899106,0.007093439797908975,0.918320384958978
m3,3,3.602499999999999,0.006679749780026248,0.00710763243651878,0.9397995520570134
m3,3,3.8049999999999997,0.007749787125344881,0.007089741479188503,1.0930986902828406
m3,3,4.0,0.008378331504882267,0.007095793356459043,1.1807462652862877
m3,3,4.202500000000001,0.006798639134816004,0.007120894136682755,0.9547451491791349
m3,3,4.405000000000001,0.007763196586202787,0.007133275223315303,1.0883074524909075
m3,3,4.600000000000001,0.008034197959555567,0.007144613096149234,1.12451127184001
m3,3,4.802499999999998,0.006532137293554367,0.00715856374617011,0.9124927185357696
m3,3,5.004999999999999,0.006535856746401416,0.0071408092364689,0.9152823622597388
m3,3,5.199999999999999,0.007849098551150558,0.007159020528335795,1.0963927984398698
m3,3,5.4025,0.007108005832378594,0.007171059182866836,0.991207247230801
m3,3,5.605,0.006938089279902762,0.0072151476825536975,0.9616004529857559
m3,3,5.800000000000001,0.00804358347339564,0.007247208495576121,1.1098871349300419
m3,3,6.002500000000001,0.007342499967977274,0.007233070371292798,1.0151290656757315
m3,3,6.204999999999998,0.006713851464919629,0.007239055561805014,0.9274485335274275
m3,3,6.399999999999999,0.007384112541204432,0.007258100428205444,1.0173615829989477
m3,3,6.602499999999999,0.007402317132819573,0.007279629327593247,1.0168535786240216
m3,3,6.805,0.006989392626770353,0.007305106799424979,0.956781717047658
m3,3,7.0,0.00748138896440406,0.007316667228840814,1.0225132195316942
m3,3,7.202500000000001,0.007676287715989663,0.007328584269522015,1.0474448315909624
m3,3,7.405000000000001,0.007131596718767773,0.007338477201856595,0.9718087993737335
m3,3,7.600000000000001,0.007285415046890927,0.007357433394050493,0.990211484997227
m3,3,7.802499999999998,0.007547715438939102,0.007367090911231922,1.0245177546854753
m3,3,8.004999999999999,0.007186422257465519,0.007359875432143689,0.9764325936930092
m3,3,8.2,0.007254841168535633,0.007353498890143932,0.9865835674850605
m3,3,8.4025,0.007573363741792299,0.007376907520336962,1.026631243636136
m3,3,8.605,0.007380055827337055,0.007394942736081641,0.9979868797804275
m3,3,8.8,0.006846605523684228,0.006935447145378508,0.9871902099703146
m3,3,9.002500000000001,0.007040997288297997,0.006935984863261517,1.015140232729271
m3,3,9.204999999999998,0.007203464098914547,0.007207707571903687,0.9994112589964552
m3,3,9.399999999999999,0.007096297600995679,0.007203972704091172,0.9850533715883816
m3,3,9.6025,0.007232541522732005,0.007195003392407597,1.0052172498436929
m3,3,9.805,0.007222753625483463,0.007190866298965722,1.0044344207209537
m3,3,10.0,0.007153316285818347,0.0072001573145825505,0.9934944437020374
m3,3,10.2025,0.007232264570120557,0.007208380140083893,1.003313425426033
m3,3,10.405000000000001,0.007264075709793921,0.007216622238943656,1.0065755791669664
m3,3,10.600000000000001,0.007188795205709905,0.007226008460305722,0.9948500953465196
m3,3,10.802499999999998,0.007212483550893021,0.007234043454487575,0.997019660756782
m3,3,11.004999999999999,0.007292504229119856,0.007267655767169466,1.0034190477296185
m3,3,11.2,0.007261854800505272,0.007275598602607539,0.9981109730136375
m3,3,11.4025,0.00726798745059334,0.007283762052285946,0.9978342782782621
m3,3,11.605,0.007368768332019874,0.0073395477134762565,1.003981256023442
m3,3,11.8,0.007354792275859592,0.00734741222214382,1.00100444258368
m3,3,12.002499999999998,0.007337589536834125,0.007358924572798892,0.9971007943139371
m3,3,12.204999999999998,0.007400988694301951,0.007392081584881652,1.0012049528022684
m3,3,12.399999999999999,0.007403908572604727,0.007399617373384797,1.0005799217720859
m3,3,12.6025,0.007402117616975322,0.0074225303758582726,0.9972498921729788
m3,3,12.805,0.007443513993660432,0.0074383845978221105,1.0006895846498478
m3,3,13.0,0.007434857784272381,0.007420090341035965,1.0019901972291019
m3,3,13.2025,0.007428468016716364,0.007437524720581369,0.9987822959646853
m3,3,13.405000000000001,0.007431648490998362,0.007431957937200296,0.9999583627619331
m3,3,13.600000000000001,0.007431981025227856,0.007423011522349299,1.001208337458665
m3,3,13.802500000000002,0.007452988992894841,0.007452529377728317,1.000061672372322
m3,3,14.005000000000003,0.007454135383149171,0.007459909889728259,0.9992259281057753
m3,3,14.200000000000003,0.007475838972635672,0.007466964593021311,1.0011884855624806
m3,3,14.402500000000003,0.007472059553988139,0.007474231525578602,0.9997094053638785
m3,3,14.604999999999997,0.00745601840897319,0.007459247335284187,0.999567124380536
m3,3,14.799999999999997,0.007472064308227403,0.007466256680865264,1.0007778499468178
m3,3,15.002499999999998,0.007225263807036761,0.007227051423493854,0.999752649268375
m3,3,15.204999999999998,0.007223171050239437,0.007228590150909706,0.9992503239833584
m3,3,15.399999999999999,0.007237915467699783,0.007235595227139685,1.0003206703093888
m3,3,15.6025,0.007235245064855964,0.0072351905745506075,1.0000075312881942
m3,3,15.805,0.007243897289212807,0.007246671925766175,0.9996171157488857
m3,3,16.0,0.007282188719936842,0.00728033199620765,1.00025503283781
m3,3,16.2025,0.0072881341949033755,0.00728742538229322,1.0000972651619704
m3,3,16.405,0.0073111640821812264,0.007313503401869297,0.9996801369248733
m3,3,16.6,0.007326933892549457,0.007327285226258514,0.9999520513125656
m3,3,16.802500000000002,0.00733433893697781,0.00733419591678824,1.0000195004593813
m3,3,17.005000000000003,0.007332725785739465,0.007334143081167643,0.9998067537798904
m3,3,17.200000000000003,0.0073370974715178455,0.007337336606458246,0.9999674084816839
m3,3,17.402500000000003,0.007350173717171099,0.007349788611865543,1.0000523967866144
m3,3,17.604999999999997,0.007355846586478839,0.0073564088765856565,0.9999235645929623
m3,3,17.799999999999997,0.0078035005101997675,0.007804090601044075,0.999924386981844
m3,3,18.002499999999998,0.0078086824476615345,0.007808831098396088,0.9999809637661924
m3,3,18.205,0.00777227062108335,0.007772581458724299,0.999960008442163
m3,3,18.4,0.007810835374320347,0.007811432867783493,0.9999235103887777
m3,3,18.6025,0.007815743785132648,0.007815888142543614,0.999981530261394
m3,3,18.805,0.007820299252337699,0.007820312144641708,0.9999983514335783
m3,3,19.0,0.0078356078423131,0.00783608123013708,0.9999395887038335
m3,3,19.2025,0.00784016166434101,0.007840458852490075,0.9999620955667702
m3,3,19.405,0.007840266457947607,0.007840301890461128,0.9999954807207662
m3,3,19.6,0.007819955343266195,0.007820349588845458,0.9999495872179647
m3,3,19.802500000000002,0.007824247716836897,0.007824689429726321,0.9999435488279258
m3,3,20.005000000000003,0.007818336056716021,0.00781840720473988,0.9999908999337082
m3,3,20.200000000000003,0.007848034796538622,0.007848331659406512,0.9999621750353103
m3,3,20.402500000000003,0.007852226884989415,0.007852655304016404,0.9999454427820397
m3,3,20.604999999999997,0.007856856637521519,0.007856946423587094,0.9999885723968658
m3,3,20.799999999999997,0.007860827139895717,0.007861048197297469,0.9999718793987514
m3,3,21.002499999999998,0.007845941274428609,0.007846319992719702,0.9999517330045875
m3,3,21.205,0.007854780018692002,0.00785499010403765,0.9999732545371968
m3,3,21.4,0.007858914567736512,0.007859156885374557,0.9999691674766671
m3,3,21.6025,0.007863069670379363,0.007863450551299823,0.9999515631314809
m3,3,21.805,0.007846963415967145,0.007847210423343113,0.9999685229065308
m3,3,22.0,0.007848803003908899,0.007848987939797448,0.9999764382503875
m3,3,22.2025,0.007848750139718487,0.007849060563483144,0.999960450838397
m3,3,22.405,0.007865796072927722,0.007866031833205332,0.9999700280544741
m3,3,22.6,0.007870970388721867,0.007871195522573643,0.9999713977563979
m3,3,22.802500000000002,0.007875029614532476,0.007875342737224369,0.999960240118768
m3,3,23.005000000000003,0.007977294796941934,0.007977573511043817,0.9999650627974161
m3,3,23.200000000000003,0.007981243190696341,0.007981463678492574,0.9999723750172758
m3,3,23.402500000000003,0.007985219461914295,0.0079854704673079,0.9999685672378812
m3,3,23.604999999999997,0.007979529553479766,0.007979774693169558,0.9999692798732773
m3,3,23.799999999999997,0.007983348751596023,0.007983558452135048,0.999973733449779
m3,3,24.002499999999998,0.007970822795228507,0.007971078098153683,0.9999679713431443
m3,3,24.205,0.0079747324402917,0.007975000947164907,0.9999663314305559
m3,3,24.4,0.007978508748390166,0.007978747042414022,0.9999701339041596
m3,3,24.6025,0.007959354659144605,0.007959598901085545,0.9999693147928715
m3,3,24.805,0.007963263947352812,0.007958156354256103,1.0006418060753453
m3,3,25.0,0.007966976343800357,0.007967198423031247,0.9999721258064506
m3,3,25.2025,0.007973294802693142,0.007973512940023512,0.999972642255426
m3,3,25.405,0.00797696550263863,0.007977206755215406,0.9999697572616356
m3,3,25.6,0.007980502322210677,0.007980733295062407,0.9999710586930811
m3,3,25.802500000000002,0.008161507674130992,0.008161730580667569,0.999972688814661
m3,3,26.005000000000003,0.008168709902191849,0.00816894220439437,0.9999715627560205
m3,3,26.200000000000003,0.008172171295095275,0.00817239058817824,0.9999731665929817
m3,3,26.402500000000003,0.008175730150085152,0.008175940466294536,0.9999742762058688
m3,3,26.604999999999997,0.008171436884391465,0.008171652382017933,0.9999736286351409
m3,3,26.799999999999997,0.008174756226716007,0.008174973860107907,0.9999733780932363
m3,3,27.002499999999998,0.00815376245753518,0.00815397365627221,0.9999740986731215
m3,3,27.205,0.008161504222451236,0.008161720016031269,0.9999735602814592
m3,3,27.4,0.008164745920674387,0.008164957637319472,0.9999740700865223
m3,3,27.6025,0.008168088436059312,0.00816828971228879,0.9999753588282778
m3,3,27.805,0.008180184777322054,0.008180392345491705,0.9999746261351676
m3,3,28.0,0.008099120128918691,0.008099330112959786,0.9999740739001663
m3,3,28.2025,0.008102458882671974,0.008102664001003144,0.9999746850750388
m3,3,28.405,0.008069979421960395,0.008070186724260466,0.9999743125770005
m3,3,28.6,0.00807315375286098,0.00807336197804556,0.9999742083675739
m3,3,28.802500000000002,0.00807642845296972,0.008076629266228366,0.999975136501624
m3,3,29.005000000000003,0.008082416384371186,0.008082613906675617,0.9999755620759928
m3,3,29.200000000000003,0.008085475748247141,0.00808567426210472,0.9999754486946737
m3,3,29.402500000000003,0.008088629578541251,0.008088823087023021,0.9999760770535234
m3,3,29.604999999999997,0.008091749338880242,0.008091942207751595,0.9999761653177444
m3,3,29.799999999999997,0.00809472419616751,0.00809491805681613,0.9999760515613304
m3,3,30.002499999999998,0.008098458169166876,0.008098649152208409,0.9999764179139085
m3,3,30.205,0.008101517086354947,0.008101705792775651,0.9999767078161647
m3,3,30.4,0.008104433035599573,0.008104621952525377,0.999976690223565
m3,3,30.6025,0.008118328957183311,0.008118515231015061,0.9999770556774916
m3,3,30.805,0.008121315287976211,0.008121499387986921,0.9999773317706602
m3,3,31.0,0.00807391305594794,0.008074102272551786,0.9999765649978833
m3,3,31.2025,0.00806988161723775,0.008070071709320356,0.9999764448087386
m3,3,31.405,0.00807291909115051,0.008073106947682264,0.9999767305780821
m3,3,31.6,0.008075814826559296,0.00807600161811937,0.9999768707871907
m3,3,31.802500000000002,0.008078794324964673,0.008078978841753319,0.999977160877351
m3,3,32.005,0.00808174464284696,0.008081926889810128,0.9999774500604061
m3,3,32.2,0.008092373280229185,0.008092554974559933,0.9999775479646021
m3,3,32.4025,0.00809527197716147,0.008095451724155002,0.9999777965455595
m3,3,32.605,0.008105741377620893,0.008105918378959768,0.999978163937681
m3,3,32.8,0.00810846971790755,0.008108645500432464,0.9999783215920705
m3,3,33.0025,0.008099443702335151,0.00809196934817896,1.0009236755398576
m3,3,33.205,0.00809459648623631,0.008094769924830455,0.9999785739933618
m3,3,33.4,0.008097268496280124,0.008097440465761219,0.9999787624889838
m3,3,33.6025,0.011953383645296608,0.011953550752024426,0.9999860203272413
m3,3,33.805,0.011956050237809672,0.011956215347306875,0.9999861904881765
m3,3,34.0,0.011958592232588954,0.011958755760528838,0.9999863256727407
m3,3,34.2025,0.011961205433423265,0.011961367545313541,0.9999864470438131
m3,3,34.405,0.011963792379377074,0.01196395272109671,0.9999865979310205
m3,3,34.6,0.011966258478939505,0.01196641704615049,0.9999867489817234
m3,3,34.8025,0.011968793535690183,0.01196895054508812,0.9999868819411238
m3,3,35.005,0.011971302727621659,0.011971458115914482,0.9999870201030385
m3,3,35.2,0.011973694808391418,0.011973848653081293,0.9999871516089495
m3,3,35.4025,0.011976153502983549,0.011976305768991799,0.999987286062064
m3,3,35.605,0.01200857094190535,0.012008720102210161,0.9999875790006311
m3,3,35.8,0.012010865950890248,0.012011013499877175,0.9999877155256773
m3,3,36.0025,0.012013224872072523,0.012013371074579593,0.999987830018222
m3,3,36.205,0.012015559618422033,0.012015704338474664,0.999987955757852
m3,3,36.4,0.0120177851071412,0.012017928233307967,0.9999880906122929
m3,3,36.6025,0.012020072595391328,0.012020214372008032,0.9999882051507306
m3,3,36.805,0.012028003175493126,0.012028142633081579,0.9999884057254136
m3,3,37.0,0.012030148956115365,0.012030287174592364,0.9999885107915553
m3,3,37.2025,0.01203235485087085,0.01203249132725516,0.9999886576785639
m3,3,37.405,0.01203453762724866,0.012034672771627172,0.9999887704151932
m3,3,37.6,0.012036617955837084,0.01203675193093148,0.9999888694977546
m3,3,37.8025,0.01203875652714708,0.012038888830391338,0.9999890103442168
m3,3,38.005,0.012040872556784685,0.012041003734446176,0.999989105753608
m3,3,38.2,0.012042889412741356,0.012043019196258106,0.9999892233405399
m3,3,38.4025,0.012044962232689447,0.012045090714777421,0.9999893332403204
m3,3,38.605,0.01204701349717696,0.012047140490100857,0.9999894586666436
m3,3,38.8,0.01204896832485912,0.012049094094729464,0.9999895618816357
m3,3,39.0025,0.01202237217039318,0.012022495850780824,0.9999897125863733
m3,3,39.205,0.012024346894577233,0.012024469356838884,0.9999898155787157
m3,3,39.4,0.01592293877907144,0.015923035270448912,0.9999939401391862
m3,3,39.6025,0.015914805873870525,0.015914901462769648,0.9999939937486043
m3,3,39.805,0.01591633268206361,0.01591642731106335,0.9999940546331227
m3,3,40.0,0.015917787764553566,0.015917881387094795,0.9999941184043936
m3,3,40.2025,0.01591249629372228,0.015912589122717466,0.9999941663173435
m3,3,40.405,0.015910968569747795,0.015911060069998786,0.9999942492674537
m3,3,40.6,0.015912375825478015,0.01591246637543628,0.9999943094957043
m3,3,40.8025,0.015901893107027016,0.015901982605772944,0.9999943718498412
m3,3,41.005,0.015903321503568164,0.015903409896627703,0.9999944418800677
m3,3,41.2,0.015904682580622335,0.015904770218299707,0.9999944898495124
m3,3,41.4025,0.015906081545229225,0.01590616812784276,0.9999945566642552
m3,3,41.605,0.015907465463345278,0.015907551333340483,0.9999946019350555
m3,3,41.8,0.015908784423250333,0.01590886926124488,0.9999946672517604
m3,3,42.0025,0.015910139834287088,0.01591022385114766,0.9999947193162485
m3,3,42.205,0.015911480834577472,0.01591156381296587,0.9999947850262003
m3,3,42.4,0.015912758675826876,0.01591284096418308,0.9999948288079803
m3,3,42.6025,0.01591822724704266,0.015918307456820654,0.9999949611616555
m3,3,42.805,0.015919509156178575,0.015919588518499842,0.9999950148007171
m3,3,43.0,0.015920730792793752,0.01592080928230935,0.9999950700046583
m3,3,43.2025,0.015908455901127067,0.015908534268183446,0.9999950738983833
m3,3,43.405,0.01590970643735445,0.015909783835507094,0.9999951351851513
m3,3,43.6,0.015910897935714405,0.015910974530728345,0.9999951860262367
m3,3,43.8025,0.01591212226964501,0.01591219802268813,0.9999952393099297
m3,3,44.004999999999995,0.01591333344072162,0.015913408460962397,0.9999952857214116
m3,3,44.2,0.015914487527265087,0.015914561723761236,0.9999953378234704
m3,3,44.4025,0.01591567339384903,0.01591574691762351,0.9999953804383257
m3,3,44.605000000000004,0.01591684645242004,0.015916919090292792,0.9999954364363896
m3,3,44.8,0.015921315180977218,0.01592138652332903,0.9999955190867512
m3,3,45.0025,0.015922454172390157,0.01592252463515915,0.999995574648455
m3,3,45.205,0.015923580737287925,0.015923650569456996,0.9999956145628311
m3,3,45.400000000000006,0.015924654207961502,0.01592472316203726,0.9999956699984636
m3,3,45.602500000000006,0.015925756955373148,0.015925825343185495,0.99999570585443
m3,3,45.80500000000001,0.01592684797455402,0.0159269155557771,0.999995756791524
m3,3,46.0,0.015927887504927653,0.01592795437010314,0.9999958020236664
m3,3,46.2025,0.015928955484246908,0.0159290217035883,0.9999958428494464
m3,3,46.405,0.0159202815531275,0.015920346757669276,0.9999959043265345
m3,3,46.599999999999994,0.015921283913429066,0.01592134838879691,0.999995950382702
m3,3,46.802499999999995,0.01592231372838638,0.015922377554433053,0.9999959914248701
m3,3,47.004999999999995,0.015957170811063712,0.01595723618497019,0.9999959031811197
m3,3,47.2,0.01595817648730773,0.0159582412139154,0.9999959440011713
m3,3,47.4025,0.015959209898801476,0.015959273867790155,0.9999959917356386
m3,3,47.605000000000004,0.015960231931322476,0.015960295251778965,0.9999960326262459
m3,3,47.8,0.013798201639992461,0.013798271109212385,0.9999949653678077
m3,3,48.0025,0.013793892047776334,0.013793961194438568,0.9999949871787183
m3,3,48.205,0.013794995740440075,0.013795063942426395,0.999995056058703
m3,3,48.400000000000006,0.013793448612316654,0.013793516886014243,0.9999950503052881
m3,3,48.602500000000006,0.013794540687507401,0.013794608335878644,0.9999950960281295
m3,3,48.80500000000001,0.013795620883058501,0.013795687849213256,0.9999951458632953
m3,3,49.0,0.013796650039452279,0.01379671622981862,0.9999952024550453
m3,3,49.2025,0.013797707141195763,0.013797772603786554,0.9999952555682232
m3,3,49.405,0.013798752748383826,0.013798817412138573,0.9999953138190893
m3,3,49.599999999999994,0.013799748710140197,0.013799812746316257,0.9999953596344213
m3,3,49.802499999999995,0.013800771874194769,0.013800835221978665,0.9999954098586876
m3,3,50.0,0.013801758821858329,0.01380182157560059,0.9999954532275382
m4,4,0.002500000000001279,0.04777868740362784,0.008774690139664655,5.445056935703238
m4,4,0.2049999999999983,0.010172082266457402,0.0087777004429244,1.1588550250261727
m4,4,0.3999999999999986,0.029602417644514715,0.008785379502919586,3.3695092664667636
m4,4,0.6024999999999991,0.0128095068050311,0.008807587600836742,1.4543717741523419
m4,4,0.8049999999999997,0.012137559925071465,0.008749458455009504,1.3872355629189945
m4,4,1.0,0.02023095088144713,0.009028219698980046,2.2408571740597654
m4,4,1.2025000000000006,0.01722244295253516,0.009046111092382274,1.9038504807925882
m4,4,1.4050000000000011,0.014200580755081228,0.009063690223686907,1.5667548652501
m4,4,1.6000000000000014,0.014674141879049604,0.009052355898774228,1.6210301542647718
m4,4,1.8024999999999984,0.008990054550199049,0.009053007628584254,0.9930461697407129
m4,4,2.004999999999999,0.009515606431102655,0.00906685958626244,1.0494930841898258
m4,4,2.1999999999999993,0.015100827092899755,0.00901619328526158,1.6748561854352089
m4,4,2.4025,0.008659242347118184,0.009045410670078736,0.9573078175170139
m4,4,2.6050000000000004,0.011051338429732112,0.009058987680911018,1.2199308376386635
m4,4,2.8000000000000007,0.008970147544836228,0.009051880674579184,0.9909705913410357
m4,4,3.0025000000000013,0.00945060450190493,0.009059060586015803,1.0432212492864372
m4,4,3.2049999999999983,0.009705253457830496,0.009066726377030132,1.0704253171704867
m4,4,3.3999999999999986,0.01001678965161022,0.009129041804487202,1.097244362128637
m4,4,3.602499999999999,0.010448161095705545,0.009135787491023756,1.1436519408941204
m4,4,3.8049999999999997,0.00882016267947223,0.009090433951912856,0.9702686061116197
m4,4,4.0,0.008749568401316644,0.009096129259210807,0.961900183251768
m4,4,4.202500000000001,0.009204246501991004,0.009108958346244428,1.0104609278168302
m4,4,4.405000000000001,0.009275649717463712,0.009116864981050654,1.017416594053229
m4,4,4.600000000000001,0.009210669172814464,0.009123414790097843,1.0095637855697763
m4,4,4.802499999999998,0.009696530283725741,0.009130996600193113,1.0619355923887506
m4,4,5.004999999999999,0.009282338432803062,0.009108094054071056,1.0191307179852984
m4,4,5.199999999999999,0.008879779600511199,0.009116874038827829,0.9739938889901442
m4,4,5.4025,0.009005143876668332,0.009129312582824825,0.9863988985994308
m4,4,5.605,0.009222944907161735,0.009165380578973679,1.0062806260680668
m4,4,5.800000000000001,0.009174927247195595,0.009224803688749806,0.994593224610835
m4,4,6.002500000000001,0.009282606475472936,0.009203696961366536,1.0085736758215347
m4,4,6.204999999999998,0.009504199320257525,0.009202550970237025,1.0327787752543935
m4,4,6.399999999999999,0.009124721200896893,0.009201273411326807,0.9916802591328633
m4,4,6.602499999999999,0.009102099970020861,0.00919761364463539,0.9896153852178561
m4,4,6.805,0.009284671779215423,0.009221139248068447,1.0068898787273257
m4,4,7.0,0.009164614938282198,0.009228686993823535,0.9930572945442598
m4,4,7.202500000000001,0.00917413576902742,0.009236458051973003,0.9932525777094532
m4,4,7.405000000000001,0.00937073708147133,0.009235417428215362,1.0146522508925855
m4,4,7.600000000000001,0.009285031216720979,0.009243701656188215,1.0044711049826123
m4,4,7.802499999999998,0.00920863985542077,0.009258791159079885,0.9945833853688413
m4,4,8.004999999999999,0.009307982098697603,0.009244920087980233,1.00682126076994
m4,4,8.2,0.00923669332576349,0.009263971674367774,0.9970554369591004
m4,4,8.4025,0.009209093497059945,0.00927350225214328,0.99305453826051
m4,4,8.605,0.00930934258691579,0.009282368674973604,1.002905929821007
m4,4,8.8,0.008841854837398895,0.008812687816230185,1.003309662361464
m4,4,9.002500000000001,0.008785290194290597,0.008814802815461743,0.9966519249733665
m4,4,9.204999999999998,0.009119627403027032,0.009083458754358306,1.0039818145980322
m4,4,9.399999999999999,0.00909735524678476,0.009086243304415466,1.001222941318762
m4,4,9.6025,0.009058504338752417,0.009095121758780477,0.995973949442435
m4,4,9.805,0.009076832346562225,0.009073470508013243,1.0003705129747227
m4,4,10.0,0.009080050910231131,0.009080952804928679,0.9999006828119338
m4,4,10.2025,0.009075565596931009,0.009085844806066112,0.99886865675625
m4,4,10.405000000000001,0.009102091517981753,0.00909066966785282,1.0012564366043706
m4,4,10.600000000000001,0.009114095603944982,0.009101435139727668,1.0013910404263664
m4,4,10.802499999999998,0.009103715027163327,0.009106037958846687,0.9997449020425944
m4,4,11.004999999999999,0.009117441796248396,0.009116052423480618,1.0001524094754215
m4,4,11.2,0.009114388154092814,0.009120480811305546,0.999331980699397
m4,4,11.4025,0.009117310576953638,0.009125078501427384,0.9991487279290221
m4,4,11.605,0.009176352943976271,0.009175847975396507,1.0000550323611634
m4,4,11.8,0.009180740662546054,0.009180293106956542,1.0000487517756023
m4,4,12.002499999999998,0.009188343216039578,0.009182881808518796,1.0005947378649387
m4,4,12.204999999999998,0.009207145893107452,0.009202138683796341,1.0005441353888664
m4,4,12.399999999999999,0.009203000799224556,0.009206525856262573,0.9996171132202253
m4,4,12.6025,0.00920586274999026,0.009207952642280862,0.999773033987924
m4,4,12.805,0.009203401790042049,0.009204106122036574,0.9999234763283706
m4,4,13.0,0.009146947593279654,0.009152656232494257,0.9993762860671708
m4,4,13.2025,0.009169509811298686,0.009169647495108246,0.9999849848307001
m4,4,13.405000000000001,0.00916784907345605,0.009162248699273448,1.00061124450628
m4,4,13.600000000000001,0.009171692919388123,0.009172173707490119,0.999947581880007
m4,4,13.802500000000002,0.009190497919008157,0.009180804820680453,1.0010558005008308
m4,4,14.005000000000003,0.009186497737384681,0.00918509943535123,1.0001522359168014
m4,4,14.200000000000003,0.009184423515556425,0.00918922706530713,0.9994772629170475
m4,4,14.402500000000003,0.009190910907319418,0.00919347909567453,0.9997206510910194
m4,4,14.604999999999997,0.009192563032191787,0.009189959781455549,1.0002832711783451
m4,4,14.799999999999997,0.009194011082006603,0.009194059434238622,0.9999947409267512
m4,4,15.002499999999998,0.00891530405626508,0.008915336016016047,0.9999964151938963
m4,4,15.204999999999998,0.008918310746838833,0.00891593741657611,1.0002661896502674
m4,4,15.399999999999999,0.008918426402164514,0.008919885920639794,0.9998363747599167
m4,4,15.6025,0.008909643757264947,0.00891199898170805,0.9997357243366009
m4,4,15.805,0.00892085270337908,0.008920708957200037,1.0000161137617798
m4,4,16.0,0.008940359882178306,0.008940685629886569,0.9999635656904015
m4,4,16.2025,0.008944028166616933,0.00894463989594561,0.9999316093955941
m4,4,16.405,0.008981093104564854,0.008979793076805121,1.0001447725742245
m4,4,16.6,0.008985600244879077,0.008985385213743861,1.000023931209414
m4,4,16.802500000000002,0.008988248105036966,0.008989279660937757,0.9998852459885886
m4,4,17.005000000000003,0.008983787210044407,0.008984003592544563,0.9999759146912702
m4,4,17.200000000000003,0.00899905986802905,0.00899971531524367,0.9999271702279838
m4,4,17.402500000000003,0.009001142952734421,0.009001812703726164,0.999925598208518
m4,4,17.604999999999997,0.009005694890801157,0.009005528074194222,1.0000185238006656
m4,4,17.799999999999997,0.009484908041429756,0.009484553552965954,1.000037375345273
m4,4,18.002499999999998,0.009486446193145676,0.009486519420592716,0.9999922808942043
m4,4,18.205,0.009531210969065824,0.00953134010501112,0.9999864514387407
m4,4,18.4,0.009561516782000977,0.009561761848509044,0.999974370151448
m4,4,18.6025,0.00956341855898367,0.009563824005965062,0.9999576061854402
m4,4,18.805,0.009565672355129307,0.009565880498255115,0.9999782410907343
m4,4,19.0,0.009580925345913382,0.009580979276880066,0.9999943710381658
m4,4,19.2025,0.00958316713691819,0.009583082362614194,1.0000088462459977
m4,4,19.405,0.009576184760953304,0.009576254511991528,0.9999927162505824
m4,4,19.6,0.009554110837188528,0.009554317497256468,0.9999783699811107
m4,4,19.802500000000002,0.009556380041856185,0.009556453596199836,0.9999923031757639
m4,4,20.005000000000003,0.009559704750491265,0.00955996730666159,0.9999725358715252
m4,4,20.200000000000003,0.009523219120184017,0.009523442145707887,0.9999765814166288
m4,4,20.402500000000003,0.009525316087986395,0.009525340402617669,0.9999974473740312
m4,4,20.604999999999997,0.009527128932022988,0.009527231704729636,0.9999892127419765
m4,4,20.799999999999997,0.009528923117156337,0.00952904574869218,0.9999871307642888
m4,4,21.002499999999998,0.009534369970468992,0.00953438314213815,0.9999986185085116
m4,4,21.205,0.00952215330719515,0.009522300805755973,0.9999845101972903
m4,4,21.4,0.009523913760938616,0.009524140510963609,0.9999761920747882
m4,4,21.6025,0.009525976449849,0.009526042144190517,0.9999931037108043
m4,4,21.805,0.00950607941816034,0.009506226526849838,0.9999845250174628
m4,4,22.0,0.009495671318578253,0.009495826527032443,0.9999836550874484
m4,4,22.2025,0.009509243595649839,0.009509279429259769,0.9999962317218464
m4,4,22.405,0.009520635603024675,0.009520738001507205,0.9999892446906412
m4,4,22.6,0.009523225169926472,0.009523384431110206,0.9999832768292737
m4,4,22.802500000000002,0.009525113438833478,0.009525202624711588,0.9999906368523984
m4,4,23.005000000000003,0.009633813270996968,0.00963391715648133,0.9999892166932023
m4,4,23.200000000000003,0.009635426043137298,0.009635578586652347,0.9999841687228559
m4,4,23.402500000000003,0.00963720521655649,0.00963729503836271,0.999990679770012
m4,4,23.604999999999997,0.009643895337449316,0.009643987786144012,0.9999904138519515
m4,4,23.799999999999997,0.009645504399092333,0.009645619835405135,0.9999880322555966
m4,4,24.002499999999998,0.009614799933098214,0.009614888848644736,0.9999907523063529
m4,4,24.205,0.009616546342493716,0.009616645526624584,0.9999896862028871
m4,4,24.4,0.009618200688704857,0.009618327647484097,0.9999868003270534
m4,4,24.6025,0.009588050670115906,0.009588170986928378,0.999987451536624
m4,4,24.805,0.00958987375583495,0.009602547265390346,0.9986801929524395
m4,4,25.0,0.009609966502214434,0.009610089015359799,0.9999872516118041
m4,4,25.2025,0.009607516969628813,0.009607625382844284,0.9999887159197876
m4,4,25.405,0.009609354797927197,0.009609454737000561,0.9999895999225659
m4,4,25.6,0.009611089124041882,0.009611204519938195,0.9999879936072452
m4,4,25.802500000000002,0.009752732962953425,0.009752850344849294,0.9999879643497318
m4,4,26.005000000000003,0.009734187870602578,0.009734297634174728,0.9999887240378017
m4,4,26.200000000000003,0.009735899969699131,0.009736014272614824,0.9999882597834706
m4,4,26.402500000000003,0.00973767124477947,0.00973778471300916,0.9999883476341865
m4,4,26.604999999999997,0.009742455156995084,0.009742559042347113,0.9999893369543281
m4,4,26.799999999999997,0.009744146414145996,0.009744251344544765,0.9999892315586842
m4,4,27.002499999999998,0.009768826706866763,0.00976893086044307,0.9999893382829917
m4,4,27.205,0.009779527965675524,0.009779629683609695,0.9999895989994037
m4,4,27.4,0.009781132370228042,0.009781237534970108,0.9999892483193779
m4,4,27.6025,0.0097827889132713,0.00978289517165413,0.9999891383500522
m4,4,27.805,0.009792910093371516,0.009793014821625564,0.9999893058209391
m4,4,28.0,0.009711367139234128,0.009711471483845694,0.9999892555302521
m4,4,28.2025,0.009713080673429903,0.009713186152555384,0.9999891406255554
m4,4,28.405,0.009702473388026538,0.009702576967348709,0.9999893245554743
m4,4,28.6,0.009704109644915056,0.009704213477138958,0.9999893002947486
m4,4,28.802500000000002,0.009705793521556634,0.009705899601106356,0.9999890706112692
m4,4,29.005000000000003,0.009676413953391942,0.0096765171002566,0.9999893404968347
m4,4,29.200000000000003,0.0096779954621876,0.009678095919265021,0.999989620161005
m4,4,29.402500000000003,0.009679622294220354,0.009679722599082877,0.9999896376304696
m4,4,29.604999999999997,0.009681236828539956,0.009681336249712923,0.9999897306352757
m4,4,29.799999999999997,0.009682780603917756,0.009682877746380481,0.9999899676041287
m4,4,30.002499999999998,0.009667622456846199,0.009667718581099058,0.9999900571937368
m4,4,30.205,0.009669169684810344,0.0096692659310534,0.9999900461685775
m4,4,30.4,0.009670649398764376,0.009670744029543241,0.9999902147364694
m4,4,30.6025,0.009683389203148603,0.009683484476070325,0.9999901612976241
m4,4,30.805,0.009684918770754135,0.009685013423260936,0.999990226910107
m4,4,31.0,0.009588002283212101,0.009588093964766013,0.9999904379792013
m4,4,31.2025,0.00959328930498222,0.009593381435117667,0.999990396489906
m4,4,31.405,0.00959478469991574,0.009594877025550931,0.9999903776114123
m4,4,31.6,0.009596214191898498,0.009596305487956518,0.9999904863326688
m4,4,31.802500000000002,0.009597685863617695,0.009597776444554004,0.9999905622998376
m4,4,32.005,0.009599144539005938,0.009599234879253711,0.9999905888074507
m4,4,32.2,0.0096085700349771,0.009608658416364001,0.9999908019014652
m4,4,32.4025,0.009609994223632998,0.009610081472359608,0.9999909211251892
m4,4,32.605,0.009621242818077353,0.009621329537899887,0.99999098671112
m4,4,32.8,0.009622586666304188,0.009622672584157782,0.9999910713107152
m4,4,33.0025,0.009600685086061694,0.009597466295500493,1.0003353791992695
m4,4,33.205,0.009598748026563086,0.009598832227205,0.9999912280327522
m4,4,33.4,0.009600052912245565,0.009600136472005326,0.9999912959820931
m4,4,33.6025,0.013349703987245951,0.01334978737710661,0.9999937534690027
m4,4,33.805,0.013351048021534532,0.01335113087541464,0.9999937942425342
m4,4,34.0,0.01335233102426852,0.013352413040955424,0.9999938575382104
m4,4,34.2025,0.013353651397918368,0.013353732644661729,0.9999939158027554
m4,4,34.405,0.013354959729874688,0.013355040141229612,0.9999939789507127
m4,4,34.6,0.013356207976114243,0.013356287747159476,0.9999940274538298
m4,4,34.8025,0.013357492887143246,0.01335757181743442,0.9999940909701066
m4,4,35.005,0.013358765601513747,0.013358844011516399,0.9999941304799589
m4,4,35.2,0.01335998028879599,0.01336005794766071,0.9999941872359368
m4,4,35.4025,0.01336123012216459,0.013361306985044221,0.9999942473532178
m4,4,35.605,0.01337175043569191,0.013371828829909954,0.9999941373600394
m4,4,35.8,0.013372967090869256,0.013373044891416502,0.9999941822862424
m4,4,36.0025,0.013374218886617585,0.013374295860988221,0.9999942446038703
m4,4,36.205,0.013375458811006805,0.013375535177409744,0.9999942905908492
m4,4,36.4,0.013376641732779455,0.013376717348971157,0.9999943471787787
m4,4,36.6025,0.013377858678907093,0.013377933563752555,0.9999944023607903
m4,4,36.805,0.01338688288667097,0.01338695777448879,0.999994405912151
m4,4,37.0,0.013388043561857863,0.013388117752513857,0.9999944584700131
m4,4,37.2025,0.013389237337310641,0.013389310935911938,0.9999945031823034
m4,4,37.405,0.013390419694133618,0.013390492582253865,0.9999945567259905
m4,4,37.6,0.013391547637676875,0.013391619649263149,0.9999946226380259
m4,4,37.8025,0.013392707585417668,0.0133927789372018,0.9999946723690082
m4,4,38.005,0.013393856420530969,0.01339392706670899,0.9999947255067412
m4,4,38.2,0.013394952053681526,0.013395022085964594,0.9999947717680031
m4,4,38.4025,0.013396078991741056,0.013396148373976617,0.9999948207325252
m4,4,38.605,0.013397194903324082,0.013397263506590918,0.9999948793074942
m4,4,38.8,0.013398259172553838,0.01339832717819437,0.999994924318564
m4,4,39.0025,0.013430775719070183,0.013430843920337601,0.9999949220415468
m4,4,39.205,0.013431873869370815,0.01343194153321808,0.999994962467109
m4,4,39.4,0.01710353429568259,0.017103583116890246,0.9999971455567338
m4,4,39.6025,0.01711569227215052,0.017115740542791937,0.9999971797515101
m4,4,39.805,0.01711646935528588,0.017116517275002276,0.9999972003816181
m4,4,40.0,0.017117210753794347,0.017117258136720902,0.9999972318623592
m4,4,40.2025,0.01710945833429011,0.017109505591677045,0.9999972379454987
m4,4,40.405,0.017113505314077952,0.01711355265170831,0.9999972339097953
m4,4,40.6,0.01711423831537712,0.017114285004416835,0.99999727192578
m4,4,40.8025,0.017102454321864104,0.017102500009039803,0.9999973286258924
m4,4,41.005,0.01710318916453112,0.017103234476567624,0.9999973506744255
m4,4,41.2,0.017103889879083782,0.01710393474918153,0.9999973766213209
m4,4,41.4025,0.01710461070085988,0.01710465499594718,0.9999974103489775
m4,4,41.605,0.01710532422837422,0.01710536819748176,0.9999974295141133
m4,4,41.8,0.017106004752814864,0.01710604821734229,0.9999974591134742
m4,4,42.0025,0.017106704525559534,0.017106747576492363,0.9999974833946291
m4,4,42.205,0.0171073972875364,0.01710743984113336,0.999997512567786
m4,4,42.4,0.017108058016677606,0.01710810024851544,0.9999975314712202
m4,4,42.6025,0.01712411888172137,0.01712415986917371,0.9999976064547019
m4,4,42.805,0.01712478063610132,0.017124821388016923,0.9999976203012761
m4,4,43.0,0.017125411740143006,0.017125452042258862,0.9999976466538952
m4,4,43.2025,0.017112919183661084,0.017112959089375164,0.9999976680997207
m4,4,43.405,0.017113562007950892,0.017113601565510905,0.9999976885309699
m4,4,43.6,0.01711417500193464,0.017114214037355305,0.9999977191227958
m4,4,43.8025,0.017114805125898806,0.01711484388656185,0.9999977352604966
m4,4,44.004999999999995,0.017115428957262008,0.01711546730599109,0.9999977594109237
m4,4,44.2,0.017116023752432083,0.01711606174477104,0.9999977803107092
m4,4,44.4025,0.017116635368379457,0.017116672946145075,0.999997804610409
m4,4,44.605000000000004,0.017117240565063984,0.017117277830681003,0.9999978229238674
m4,4,44.8,0.01714717938047945,0.017147215576722472,0.9999978890891724
m4,4,45.0025,0.017147760550554725,0.01714779637763326,0.9999979106890619
m4,4,45.205,0.01714833597811335,0.017148371388425426,0.999997935062679
m4,4,45.400000000000006,0.017148884533642224,0.017148919506647643,0.999997960629216
m4,4,45.602500000000006,0.017149448404830958,0.01714948306827952,0.9999979787467398
m4,4,45.80500000000001,0.017150006497028882,0.017150040843889915,0.999997997272348
m4,4,46.0,0.017150538589911873,0.01715057257302037,0.9999980185437919
m4,4,46.2025,0.017151085514494478,0.01715111920288897,0.9999980357903124
m4,4,46.405,0.017146356617661077,0.017146388975834283,0.9999981128286981
m4,4,46.599999999999994,0.017146859699538424,0.017146891913391547,0.9999981213007415
m4,4,46.802499999999995,0.017147377083669563,0.017147408937193503,0.9999981423710103
m4,4,47.004999999999995,0.017166516417457842,0.017166549361121254,0.9999980809385324
m4,4,47.2,0.017167028312258234,0.017167061091546806,0.9999980905707507
m4,4,47.4025,0.01716755480252727,0.01716758718083645,0.9999981139860341
m4,4,47.605000000000004,0.017168075746622834,0.01716810774542395,0.9999981361486315
m4,4,47.8,0.015125526878695854,0.015125564155824642,0.9999975354883689
m4,4,48.0025,0.015118069382267178,0.01511810584457404,0.9999975881696267
m4,4,48.205,0.015118657786261275,0.015118694039478964,0.9999976020933029
m4,4,48.400000000000006,0.015103599169147226,0.015103635768127172,0.9999975768099478
m4,4,48.602500000000006,0.015104188072794726,0.015104224282792542,0.9999976026575653
m4,4,48.80500000000001,0.015104770681113825,0.015104806626821725,0.9999976202470652
m4,4,49.0,0.015105325955282592,0.015105361440252969,0.9999976508360613
m4,4,49.2025,0.015105896651613783,0.015105931830963723,0.9999976711565804
m4,4,49.405,0.015106461234757071,0.015106496027011885,0.9999976968679731
m4,4,49.599999999999994,0.01510699924477821,0.015107033641866547,0.9999977231077157
m4,4,49.802499999999995,0.015107552253182832,0.015107586135713095,0.9999977572505655
m4,4,50.0,0.015108085728578375,0.01510811940396361,0.9999977710405686
